Alanine	Arginine	Asparagine	Aspartate	Cysteine	Glycine	Isoleucine	Leucine	Lysine	Phenylalanine	Proline	Serine	Tyrosine	Valine	species
1	0.4	1	1	0.3333333	1	0.3333333	0.25	0.1111111	0.3333333	1	0	0.3333333	0.25	Dipodomys_ordii (Castorimorpha)
1	0.25	1	1	0.3333333	1	0.3333333	0.25	0.1111111	0.3333333	1	0.3333333	0.3333333	0.25	Homo_sapiens
1	0.4	1	1	0.3333333	1	0.3333333	0.25	0.1111111	0.3333333	1	0.3333333	0.3333333	0.25	Mus_musculus
